model,mape,wape,rmse
Baseline,0.11052956594527939,0.10915662923143893,11533.69506066754
ML_LinearRegression,0.001002816096332377,0.000989002871831458,124.52522602535444
